Well,Cell_ID,Frame1,Frame2,Frame3,Frame4,Frame5,Frame6,Frame7,Frame8,Frame9,Frame10,Frame11,Frame12,Frame13,Frame14,Frame15,Frame16,Frame17,Frame18,Frame19,Frame20,Frame21,Frame22,Frame23,Frame24,Frame25,Frame26,Frame27,Frame28,Frame29,Frame30,Frame31,Frame32,Frame33,Frame34,Frame35,Frame36,Frame37,Frame38,Frame39,Frame40,Frame41,Frame42,Frame43,Frame44,Frame45,Frame46,Frame47,Frame48,Frame49,Frame50,Frame51,Frame52,Frame53,Frame54,Frame55,Frame56,Frame57,Frame58,Frame59,Frame60
B2,B2_1,9908.495226,7802.249523,6938.034373,6769.196053,8993.245067,9810.37874,7746.388924,6745.744749,6517.414386,6526.058561,9006.685551,9578.167409,7534.256525,6630.267982,6321.680458,6470.298536,9318.616805,8775.828135,7007.012731,6457.547422,6382.134946,8011.65818,9463.40802,7683.893062,6610.601528,6300.562699,6325.422661,8722.9669,9112.151496,7119.29599,6329.548059,6161.578612,6308.068109,8992.774029,8563.598982,6816.241884,6214.761935,6161.269892,8318.680458,9216.984087,7344.797581,6364.084659,6024.036919,6058.122215,8502.577976,9011.243794,7065.541693,6264.194144,6053.103119,7666.915977,9056.643539,7318.481859,6289.493953,6000.516232,5970.44494,6421.402292,8955.816677,7421.860598,6290.00191,5955.936983
B2,B2_2,6938.034373,6769.196053,8993.245067,9810.37874,7746.388924,6745.744749,6517.414386,6526.058561,9006.685551,9578.167409,7534.256525,6630.267982,6321.680458,6470.298536,9318.616805,8775.828135,7007.012731,6457.547422,6382.134946,8011.65818,9463.40802,7683.893062,6610.601528,6300.562699,6325.422661,8722.9669,9112.151496,7119.29599,6329.548059,6161.578612,6308.068109,8992.774029,8563.598982,6816.241884,6214.761935,6161.269892,8318.680458,9216.984087,7344.797581,6364.084659,6024.036919,6058.122215,8502.577976,9011.243794,7065.541693,6264.194144,6053.103119,7666.915977,9056.643539,7318.481859,6289.493953,6000.516232,5970.44494,6421.402292,8955.816677,7421.860598,6290.00191,5955.936983,6450.514706,6456.528493
B2,B2_3,8993.245067,9810.37874,7746.388924,6745.744749,6517.414386,6526.058561,9006.685551,9578.167409,7534.256525,6630.267982,6321.680458,6470.298536,9318.616805,8775.828135,7007.012731,6457.547422,6382.134946,8011.65818,9463.40802,7683.893062,6610.601528,6300.562699,6325.422661,8722.9669,9112.151496,7119.29599,6329.548059,6161.578612,6308.068109,8992.774029,8563.598982,6816.241884,6214.761935,6161.269892,8318.680458,9216.984087,7344.797581,6364.084659,6024.036919,6058.122215,8502.577976,9011.243794,7065.541693,6264.194144,6053.103119,7666.915977,9056.643539,7318.481859,6289.493953,6000.516232,5970.44494,6421.402292,8955.816677,7421.860598,6290.00191,5955.936983,6450.514706,6456.528493,6402.844669,6302.591912
B2,B2_4,7746.388924,6745.744749,6517.414386,6526.058561,9006.685551,9578.167409,7534.256525,6630.267982,6321.680458,6470.298536,9318.616805,8775.828135,7007.012731,6457.547422,6382.134946,8011.65818,9463.40802,7683.893062,6610.601528,6300.562699,6325.422661,8722.9669,9112.151496,7119.29599,6329.548059,6161.578612,6308.068109,8992.774029,8563.598982,6816.241884,6214.761935,6161.269892,8318.680458,9216.984087,7344.797581,6364.084659,6024.036919,6058.122215,8502.577976,9011.243794,7065.541693,6264.194144,6053.103119,7666.915977,9056.643539,7318.481859,6289.493953,6000.516232,5970.44494,6421.402292,8955.816677,7421.860598,6290.00191,5955.936983,6450.514706,6456.528493,6402.844669,6302.591912,6385.151654,10857.36857
B2,B2_5,6517.414386,6526.058561,9006.685551,9578.167409,7534.256525,6630.267982,6321.680458,6470.298536,9318.616805,8775.828135,7007.012731,6457.547422,6382.134946,8011.65818,9463.40802,7683.893062,6610.601528,6300.562699,6325.422661,8722.9669,9112.151496,7119.29599,6329.548059,6161.578612,6308.068109,8992.774029,8563.598982,6816.241884,6214.761935,6161.269892,8318.680458,9216.984087,7344.797581,6364.084659,6024.036919,6058.122215,8502.577976,9011.243794,7065.541693,6264.194144,6053.103119,7666.915977,9056.643539,7318.481859,6289.493953,6000.516232,5970.44494,6421.402292,8955.816677,7421.860598,6290.00191,5955.936983,6450.514706,6456.528493,6402.844669,6302.591912,6385.151654,10857.36857,10278.95037,9032.914522
B2,B2_6,9006.685551,9578.167409,7534.256525,6630.267982,6321.680458,6470.298536,9318.616805,8775.828135,7007.012731,6457.547422,6382.134946,8011.65818,9463.40802,7683.893062,6610.601528,6300.562699,6325.422661,8722.9669,9112.151496,7119.29599,6329.548059,6161.578612,6308.068109,8992.774029,8563.598982,6816.241884,6214.761935,6161.269892,8318.680458,9216.984087,7344.797581,6364.084659,6024.036919,6058.122215,8502.577976,9011.243794,7065.541693,6264.194144,6053.103119,7666.915977,9056.643539,7318.481859,6289.493953,6000.516232,5970.44494,6421.402292,8955.816677,7421.860598,6290.00191,5955.936983,6450.514706,6456.528493,6402.844669,6302.591912,6385.151654,10857.36857,10278.95037,9032.914522,8126.602941,7520.522059
B2,B2_7,7534.256525,6630.267982,6321.680458,6470.298536,9318.616805,8775.828135,7007.012731,6457.547422,6382.134946,8011.65818,9463.40802,7683.893062,6610.601528,6300.562699,6325.422661,8722.9669,9112.151496,7119.29599,6329.548059,6161.578612,6308.068109,8992.774029,8563.598982,6816.241884,6214.761935,6161.269892,8318.680458,9216.984087,7344.797581,6364.084659,6024.036919,6058.122215,8502.577976,9011.243794,7065.541693,6264.194144,6053.103119,7666.915977,9056.643539,7318.481859,6289.493953,6000.516232,5970.44494,6421.402292,8955.816677,7421.860598,6290.00191,5955.936983,6450.514706,6456.528493,6402.844669,6302.591912,6385.151654,10857.36857,10278.95037,9032.914522,8126.602941,7520.522059,7109.284926,6775.46875
B2,B2_8,6321.680458,6470.298536,9318.616805,8775.828135,7007.012731,6457.547422,6382.134946,8011.65818,9463.40802,7683.893062,6610.601528,6300.562699,6325.422661,8722.9669,9112.151496,7119.29599,6329.548059,6161.578612,6308.068109,8992.774029,8563.598982,6816.241884,6214.761935,6161.269892,8318.680458,9216.984087,7344.797581,6364.084659,6024.036919,6058.122215,8502.577976,9011.243794,7065.541693,6264.194144,6053.103119,7666.915977,9056.643539,7318.481859,6289.493953,6000.516232,5970.44494,6421.402292,8955.816677,7421.860598,6290.00191,5955.936983,6450.514706,6456.528493,6402.844669,6302.591912,6385.151654,10857.36857,10278.95037,9032.914522,8126.602941,7520.522059,7109.284926,6775.46875,6492.707721,6306.350184
B2,B2_9,9318.616805,8775.828135,7007.012731,6457.547422,6382.134946,8011.65818,9463.40802,7683.893062,6610.601528,6300.562699,6325.422661,8722.9669,9112.151496,7119.29599,6329.548059,6161.578612,6308.068109,8992.774029,8563.598982,6816.241884,6214.761935,6161.269892,8318.680458,9216.984087,7344.797581,6364.084659,6024.036919,6058.122215,8502.577976,9011.243794,7065.541693,6264.194144,6053.103119,7666.915977,9056.643539,7318.481859,6289.493953,6000.516232,5970.44494,6421.402292,8955.816677,7421.860598,6290.00191,5955.936983,6450.514706,6456.528493,6402.844669,6302.591912,6385.151654,10857.36857,10278.95037,9032.914522,8126.602941,7520.522059,7109.284926,6775.46875,6492.707721,6306.350184,6211.061581,6151.102941
B2,B2_10,7007.012731,6457.547422,6382.134946,8011.65818,9463.40802,7683.893062,6610.601528,6300.562699,6325.422661,8722.9669,9112.151496,7119.29599,6329.548059,6161.578612,6308.068109,8992.774029,8563.598982,6816.241884,6214.761935,6161.269892,8318.680458,9216.984087,7344.797581,6364.084659,6024.036919,6058.122215,8502.577976,9011.243794,7065.541693,6264.194144,6053.103119,7666.915977,9056.643539,7318.481859,6289.493953,6000.516232,5970.44494,6421.402292,8955.816677,7421.860598,6290.00191,5955.936983,6450.514706,6456.528493,6402.844669,6302.591912,6385.151654,10857.36857,10278.95037,9032.914522,8126.602941,7520.522059,7109.284926,6775.46875,6492.707721,6306.350184,6211.061581,6151.102941,6131.829044,6091.315257
B3,B3_1,9496.5392,7981.34,7195.608,6802.964,6501.4384,6548.536,7730.5984,9068.7944,9344.7888,8002.316,7158.808,6634.9608,6315.0232,6344.18,8478.8536,9031.524,9213.1064,8602.1768,7326.252,6709.76,6381.4432,6306.1336,8460.3848,8849.488,9024.048,8172.1408,7206.3496,6479.332,6205.7424,6186.4168,8339.6552,8738.404,8777.7864,7304.2376,6548.8824,6141.0536,6131.4512,6147.18,6906.6128,8588.5512,8859.9576,8291.6072,7087.6256,6538.188,6136.0376,5912.4624,5886.8816,5993.652,8283.3936,8651.052,8795.7912,7931.2856,6864.1288,6350.0968,6050.8464,5799.8672,5839.0728,8058.9856,8532.4504,8603.2064
B3,B3_2,7195.608,6802.964,6501.4384,6548.536,7730.5984,9068.7944,9344.7888,8002.316,7158.808,6634.9608,6315.0232,6344.18,8478.8536,9031.524,9213.1064,8602.1768,7326.252,6709.76,6381.4432,6306.1336,8460.3848,8849.488,9024.048,8172.1408,7206.3496,6479.332,6205.7424,6186.4168,8339.6552,8738.404,8777.7864,7304.2376,6548.8824,6141.0536,6131.4512,6147.18,6906.6128,8588.5512,8859.9576,8291.6072,7087.6256,6538.188,6136.0376,5912.4624,5886.8816,5993.652,8283.3936,8651.052,8795.7912,7931.2856,6864.1288,6350.0968,6050.8464,5799.8672,5839.0728,8058.9856,8532.4504,8603.2064,6986.411079,7163.637026
B3,B3_3,6501.4384,6548.536,7730.5984,9068.7944,9344.7888,8002.316,7158.808,6634.9608,6315.0232,6344.18,8478.8536,9031.524,9213.1064,8602.1768,7326.252,6709.76,6381.4432,6306.1336,8460.3848,8849.488,9024.048,8172.1408,7206.3496,6479.332,6205.7424,6186.4168,8339.6552,8738.404,8777.7864,7304.2376,6548.8824,6141.0536,6131.4512,6147.18,6906.6128,8588.5512,8859.9576,8291.6072,7087.6256,6538.188,6136.0376,5912.4624,5886.8816,5993.652,8283.3936,8651.052,8795.7912,7931.2856,6864.1288,6350.0968,6050.8464,5799.8672,5839.0728,8058.9856,8532.4504,8603.2064,6986.411079,7163.637026,7170.291545,7182.049563
B3,B3_4,7730.5984,9068.7944,9344.7888,8002.316,7158.808,6634.9608,6315.0232,6344.18,8478.8536,9031.524,9213.1064,8602.1768,7326.252,6709.76,6381.4432,6306.1336,8460.3848,8849.488,9024.048,8172.1408,7206.3496,6479.332,6205.7424,6186.4168,8339.6552,8738.404,8777.7864,7304.2376,6548.8824,6141.0536,6131.4512,6147.18,6906.6128,8588.5512,8859.9576,8291.6072,7087.6256,6538.188,6136.0376,5912.4624,5886.8816,5993.652,8283.3936,8651.052,8795.7912,7931.2856,6864.1288,6350.0968,6050.8464,5799.8672,5839.0728,8058.9856,8532.4504,8603.2064,6986.411079,7163.637026,7170.291545,7182.049563,11061.48542,12043.50875
C2,C2_1,6282.691782,9053.503522,7038.046105,8117.863607,6377.288581,6055.078549,6149.259765,6882.291996,7771.934472,6483.290715,5773.921025,8823.737887,7011.070224,6024.168623,5933.236286,6052.359232,8773.883244,7113.988474,6460.224973,5635.635646,5677.68111,5861.10032,8633.88666,6551.390181,5823.74429,5841.152401,8120.434152,6977.430523,6069.200213,5578.139594,5751.594237,7783.883458,6891.85635,5853.462753,5679.404269,5731.452081,8352.146425,6861.166489,5898.202134,5569.878122,5752.381217,5783.292423,5948.70032,7964.06318,6401.134045,5525.426041,5480.335966,5587.489221,8213.373319,6876.250587,5815.481964,5439.54365,5558.88175,8044.827321,6794.14429,5795.79381,5393.621558,5464.232657,5547.81857,5669.744931
C2,C2_2,7038.046105,8117.863607,6377.288581,6055.078549,6149.259765,6882.291996,7771.934472,6483.290715,5773.921025,8823.737887,7011.070224,6024.168623,5933.236286,6052.359232,8773.883244,7113.988474,6460.224973,5635.635646,5677.68111,5861.10032,8633.88666,6551.390181,5823.74429,5841.152401,8120.434152,6977.430523,6069.200213,5578.139594,5751.594237,7783.883458,6891.85635,5853.462753,5679.404269,5731.452081,8352.146425,6861.166489,5898.202134,5569.878122,5752.381217,5783.292423,5948.70032,7964.06318,6401.134045,5525.426041,5480.335966,5587.489221,8213.373319,6876.250587,5815.481964,5439.54365,5558.88175,8044.827321,6794.14429,5795.79381,5393.621558,5464.232657,5547.81857,5669.744931,9366.864253,8735.24736
C2,C2_3,6377.288581,6055.078549,6149.259765,6882.291996,7771.934472,6483.290715,5773.921025,8823.737887,7011.070224,6024.168623,5933.236286,6052.359232,8773.883244,7113.988474,6460.224973,5635.635646,5677.68111,5861.10032,8633.88666,6551.390181,5823.74429,5841.152401,8120.434152,6977.430523,6069.200213,5578.139594,5751.594237,7783.883458,6891.85635,5853.462753,5679.404269,5731.452081,8352.146425,6861.166489,5898.202134,5569.878122,5752.381217,5783.292423,5948.70032,7964.06318,6401.134045,5525.426041,5480.335966,5587.489221,8213.373319,6876.250587,5815.481964,5439.54365,5558.88175,8044.827321,6794.14429,5795.79381,5393.621558,5464.232657,5547.81857,5669.744931,9366.864253,8735.24736,12356.23982,15873.24887
C2,C2_4,6149.259765,6882.291996,7771.934472,6483.290715,5773.921025,8823.737887,7011.070224,6024.168623,5933.236286,6052.359232,8773.883244,7113.988474,6460.224973,5635.635646,5677.68111,5861.10032,8633.88666,6551.390181,5823.74429,5841.152401,8120.434152,6977.430523,6069.200213,5578.139594,5751.594237,7783.883458,6891.85635,5853.462753,5679.404269,5731.452081,8352.146425,6861.166489,5898.202134,5569.878122,5752.381217,5783.292423,5948.70032,7964.06318,6401.134045,5525.426041,5480.335966,5587.489221,8213.373319,6876.250587,5815.481964,5439.54365,5558.88175,8044.827321,6794.14429,5795.79381,5393.621558,5464.232657,5547.81857,5669.744931,9366.864253,8735.24736,12356.23982,15873.24887,12710.65309,10425.454
C2,C2_5,7771.934472,6483.290715,5773.921025,8823.737887,7011.070224,6024.168623,5933.236286,6052.359232,8773.883244,7113.988474,6460.224973,5635.635646,5677.68111,5861.10032,8633.88666,6551.390181,5823.74429,5841.152401,8120.434152,6977.430523,6069.200213,5578.139594,5751.594237,7783.883458,6891.85635,5853.462753,5679.404269,5731.452081,8352.146425,6861.166489,5898.202134,5569.878122,5752.381217,5783.292423,5948.70032,7964.06318,6401.134045,5525.426041,5480.335966,5587.489221,8213.373319,6876.250587,5815.481964,5439.54365,5558.88175,8044.827321,6794.14429,5795.79381,5393.621558,5464.232657,5547.81857,5669.744931,9366.864253,8735.24736,12356.23982,15873.24887,12710.65309,10425.454,9117.402715,8272.953243
C2,C2_6,5773.921025,8823.737887,7011.070224,6024.168623,5933.236286,6052.359232,8773.883244,7113.988474,6460.224973,5635.635646,5677.68111,5861.10032,8633.88666,6551.390181,5823.74429,5841.152401,8120.434152,6977.430523,6069.200213,5578.139594,5751.594237,7783.883458,6891.85635,5853.462753,5679.404269,5731.452081,8352.146425,6861.166489,5898.202134,5569.878122,5752.381217,5783.292423,5948.70032,7964.06318,6401.134045,5525.426041,5480.335966,5587.489221,8213.373319,6876.250587,5815.481964,5439.54365,5558.88175,8044.827321,6794.14429,5795.79381,5393.621558,5464.232657,5547.81857,5669.744931,9366.864253,8735.24736,12356.23982,15873.24887,12710.65309,10425.454,9117.402715,8272.953243,13664.54299,15610.60784
C2,C2_7,7011.070224,6024.168623,5933.236286,6052.359232,8773.883244,7113.988474,6460.224973,5635.635646,5677.68111,5861.10032,8633.88666,6551.390181,5823.74429,5841.152401,8120.434152,6977.430523,6069.200213,5578.139594,5751.594237,7783.883458,6891.85635,5853.462753,5679.404269,5731.452081,8352.146425,6861.166489,5898.202134,5569.878122,5752.381217,5783.292423,5948.70032,7964.06318,6401.134045,5525.426041,5480.335966,5587.489221,8213.373319,6876.250587,5815.481964,5439.54365,5558.88175,8044.827321,6794.14429,5795.79381,5393.621558,5464.232657,5547.81857,5669.744931,9366.864253,8735.24736,12356.23982,15873.24887,12710.65309,10425.454,9117.402715,8272.953243,13664.54299,15610.60784,12290.04223,15297.49472
C2,C2_8,5933.236286,6052.359232,8773.883244,7113.988474,6460.224973,5635.635646,5677.68111,5861.10032,8633.88666,6551.390181,5823.74429,5841.152401,8120.434152,6977.430523,6069.200213,5578.139594,5751.594237,7783.883458,6891.85635,5853.462753,5679.404269,5731.452081,8352.146425,6861.166489,5898.202134,5569.878122,5752.381217,5783.292423,5948.70032,7964.06318,6401.134045,5525.426041,5480.335966,5587.489221,8213.373319,6876.250587,5815.481964,5439.54365,5558.88175,8044.827321,6794.14429,5795.79381,5393.621558,5464.232657,5547.81857,5669.744931,9366.864253,8735.24736,12356.23982,15873.24887,12710.65309,10425.454,9117.402715,8272.953243,13664.54299,15610.60784,12290.04223,15297.49472,14133.50226,11116.72247
C2,C2_9,8773.883244,7113.988474,6460.224973,5635.635646,5677.68111,5861.10032,8633.88666,6551.390181,5823.74429,5841.152401,8120.434152,6977.430523,6069.200213,5578.139594,5751.594237,7783.883458,6891.85635,5853.462753,5679.404269,5731.452081,8352.146425,6861.166489,5898.202134,5569.878122,5752.381217,5783.292423,5948.70032,7964.06318,6401.134045,5525.426041,5480.335966,5587.489221,8213.373319,6876.250587,5815.481964,5439.54365,5558.88175,8044.827321,6794.14429,5795.79381,5393.621558,5464.232657,5547.81857,5669.744931,9366.864253,8735.24736,12356.23982,15873.24887,12710.65309,10425.454,9117.402715,8272.953243,13664.54299,15610.60784,12290.04223,15297.49472,14133.50226,11116.72247,9461.042232,8450.746606
C2,C2_10,6460.224973,5635.635646,5677.68111,5861.10032,8633.88666,6551.390181,5823.74429,5841.152401,8120.434152,6977.430523,6069.200213,5578.139594,5751.594237,7783.883458,6891.85635,5853.462753,5679.404269,5731.452081,8352.146425,6861.166489,5898.202134,5569.878122,5752.381217,5783.292423,5948.70032,7964.06318,6401.134045,5525.426041,5480.335966,5587.489221,8213.373319,6876.250587,5815.481964,5439.54365,5558.88175,8044.827321,6794.14429,5795.79381,5393.621558,5464.232657,5547.81857,5669.744931,9366.864253,8735.24736,12356.23982,15873.24887,12710.65309,10425.454,9117.402715,8272.953243,13664.54299,15610.60784,12290.04223,15297.49472,14133.50226,11116.72247,9461.042232,8450.746606,8159.960784,14301.92609
C3,C3_1,15189.13886,15562.95683,13380.1832,11112.88798,9512.261377,9018.45741,8191.331389,8305.879813,8529.350058,14581.7923,15590.52159,12934.69428,10664.35356,9308.4014,8466.737456,8299.655776,8717.567095,14680.07118,15325.73396,12301.88215,10388.36756,9244.687281,8423.833139,8005.396733,8145.043174,13892.01517,14891.53092,13410.86464,10888.37806,9299.465578,8389.359393,8540.369895,8337.487748,12518.3874,14797.07001,13886.94166,11118.01517,9319.950992,8887.920653,8198.019837,8043.588098,8113.42007,13552.26138,14760.6231,12626.95799,10159.66161,8913.165694,8219.568261,7992.949825,7907.140023,7862.8028,13171.85181,14387.0105,13260.88565,10527.75379,9159.876313,8386.080513,7734.710618,7612.217036,7767.061844
C3,C3_2,13380.1832,11112.88798,9512.261377,9018.45741,8191.331389,8305.879813,8529.350058,14581.7923,15590.52159,12934.69428,10664.35356,9308.4014,8466.737456,8299.655776,8717.567095,14680.07118,15325.73396,12301.88215,10388.36756,9244.687281,8423.833139,8005.396733,8145.043174,13892.01517,14891.53092,13410.86464,10888.37806,9299.465578,8389.359393,8540.369895,8337.487748,12518.3874,14797.07001,13886.94166,11118.01517,9319.950992,8887.920653,8198.019837,8043.588098,8113.42007,13552.26138,14760.6231,12626.95799,10159.66161,8913.165694,8219.568261,7992.949825,7907.140023,7862.8028,13171.85181,14387.0105,13260.88565,10527.75379,9159.876313,8386.080513,7734.710618,7612.217036,7767.061844,6953.552658,6450.361963
C3,C3_3,9512.261377,9018.45741,8191.331389,8305.879813,8529.350058,14581.7923,15590.52159,12934.69428,10664.35356,9308.4014,8466.737456,8299.655776,8717.567095,14680.07118,15325.73396,12301.88215,10388.36756,9244.687281,8423.833139,8005.396733,8145.043174,13892.01517,14891.53092,13410.86464,10888.37806,9299.465578,8389.359393,8540.369895,8337.487748,12518.3874,14797.07001,13886.94166,11118.01517,9319.950992,8887.920653,8198.019837,8043.588098,8113.42007,13552.26138,14760.6231,12626.95799,10159.66161,8913.165694,8219.568261,7992.949825,7907.140023,7862.8028,13171.85181,14387.0105,13260.88565,10527.75379,9159.876313,8386.080513,7734.710618,7612.217036,7767.061844,6953.552658,6450.361963,8427.860429,7520.593558
C3,C3_4,8191.331389,8305.879813,8529.350058,14581.7923,15590.52159,12934.69428,10664.35356,9308.4014,8466.737456,8299.655776,8717.567095,14680.07118,15325.73396,12301.88215,10388.36756,9244.687281,8423.833139,8005.396733,8145.043174,13892.01517,14891.53092,13410.86464,10888.37806,9299.465578,8389.359393,8540.369895,8337.487748,12518.3874,14797.07001,13886.94166,11118.01517,9319.950992,8887.920653,8198.019837,8043.588098,8113.42007,13552.26138,14760.6231,12626.95799,10159.66161,8913.165694,8219.568261,7992.949825,7907.140023,7862.8028,13171.85181,14387.0105,13260.88565,10527.75379,9159.876313,8386.080513,7734.710618,7612.217036,7767.061844,6953.552658,6450.361963,8427.860429,7520.593558,6595.646217,6800.826687
C3,C3_5,8529.350058,14581.7923,15590.52159,12934.69428,10664.35356,9308.4014,8466.737456,8299.655776,8717.567095,14680.07118,15325.73396,12301.88215,10388.36756,9244.687281,8423.833139,8005.396733,8145.043174,13892.01517,14891.53092,13410.86464,10888.37806,9299.465578,8389.359393,8540.369895,8337.487748,12518.3874,14797.07001,13886.94166,11118.01517,9319.950992,8887.920653,8198.019837,8043.588098,8113.42007,13552.26138,14760.6231,12626.95799,10159.66161,8913.165694,8219.568261,7992.949825,7907.140023,7862.8028,13171.85181,14387.0105,13260.88565,10527.75379,9159.876313,8386.080513,7734.710618,7612.217036,7767.061844,6953.552658,6450.361963,8427.860429,7520.593558,6595.646217,6800.826687,7807.863497,6542.421779
C3,C3_6,15590.52159,12934.69428,10664.35356,9308.4014,8466.737456,8299.655776,8717.567095,14680.07118,15325.73396,12301.88215,10388.36756,9244.687281,8423.833139,8005.396733,8145.043174,13892.01517,14891.53092,13410.86464,10888.37806,9299.465578,8389.359393,8540.369895,8337.487748,12518.3874,14797.07001,13886.94166,11118.01517,9319.950992,8887.920653,8198.019837,8043.588098,8113.42007,13552.26138,14760.6231,12626.95799,10159.66161,8913.165694,8219.568261,7992.949825,7907.140023,7862.8028,13171.85181,14387.0105,13260.88565,10527.75379,9159.876313,8386.080513,7734.710618,7612.217036,7767.061844,6953.552658,6450.361963,8427.860429,7520.593558,6595.646217,6800.826687,7807.863497,6542.421779,6349.93865,8333.456033
D2,D2_1,7459.13936,9768.792844,12503.82109,12163.02825,9769.984934,8646.659134,7892.960452,9135.387947,12548.82486,12589.49906,9982.088512,8621.096045,7724.478343,7208.819209,9938.00565,12363.9209,11962.30697,9470.077213,8458.446328,7715.952919,7183.020716,7055.751412,11540.85499,12437.99247,9806.760829,8407.66855,7629.421846,7249.966102,11265.03013,12612.19774,10081.08663,8427.007533,7492.303202,10501.95857,12523.66855,10719.27495,8870.915254,7779.747646,7276.809793,7720.770245,11742.11488,11819.62524,9199.903955,7916.201507,7171.020716,11407.37476,12076.19397,9475.003766,8107.65725,7337.851224,11171.49529,12090.41431,9713.644068,8145.913371,7321.431262,6972.235405,10435.44256,12071.73823,9721.129944,8114.740113
D2,D2_2,12503.82109,12163.02825,9769.984934,8646.659134,7892.960452,9135.387947,12548.82486,12589.49906,9982.088512,8621.096045,7724.478343,7208.819209,9938.00565,12363.9209,11962.30697,9470.077213,8458.446328,7715.952919,7183.020716,7055.751412,11540.85499,12437.99247,9806.760829,8407.66855,7629.421846,7249.966102,11265.03013,12612.19774,10081.08663,8427.007533,7492.303202,10501.95857,12523.66855,10719.27495,8870.915254,7779.747646,7276.809793,7720.770245,11742.11488,11819.62524,9199.903955,7916.201507,7171.020716,11407.37476,12076.19397,9475.003766,8107.65725,7337.851224,11171.49529,12090.41431,9713.644068,8145.913371,7321.431262,6972.235405,10435.44256,12071.73823,9721.129944,8114.740113,9865.44351,8487.582332
D2,D2_3,9769.984934,8646.659134,7892.960452,9135.387947,12548.82486,12589.49906,9982.088512,8621.096045,7724.478343,7208.819209,9938.00565,12363.9209,11962.30697,9470.077213,8458.446328,7715.952919,7183.020716,7055.751412,11540.85499,12437.99247,9806.760829,8407.66855,7629.421846,7249.966102,11265.03013,12612.19774,10081.08663,8427.007533,7492.303202,10501.95857,12523.66855,10719.27495,8870.915254,7779.747646,7276.809793,7720.770245,11742.11488,11819.62524,9199.903955,7916.201507,7171.020716,11407.37476,12076.19397,9475.003766,8107.65725,7337.851224,11171.49529,12090.41431,9713.644068,8145.913371,7321.431262,6972.235405,10435.44256,12071.73823,9721.129944,8114.740113,9865.44351,8487.582332,7944.830529,10924.1881
D2,D2_4,7892.960452,9135.387947,12548.82486,12589.49906,9982.088512,8621.096045,7724.478343,7208.819209,9938.00565,12363.9209,11962.30697,9470.077213,8458.446328,7715.952919,7183.020716,7055.751412,11540.85499,12437.99247,9806.760829,8407.66855,7629.421846,7249.966102,11265.03013,12612.19774,10081.08663,8427.007533,7492.303202,10501.95857,12523.66855,10719.27495,8870.915254,7779.747646,7276.809793,7720.770245,11742.11488,11819.62524,9199.903955,7916.201507,7171.020716,11407.37476,12076.19397,9475.003766,8107.65725,7337.851224,11171.49529,12090.41431,9713.644068,8145.913371,7321.431262,6972.235405,10435.44256,12071.73823,9721.129944,8114.740113,9865.44351,8487.582332,7944.830529,10924.1881,10528.85096,8615.966947
D2,D2_5,12548.82486,12589.49906,9982.088512,8621.096045,7724.478343,7208.819209,9938.00565,12363.9209,11962.30697,9470.077213,8458.446328,7715.952919,7183.020716,7055.751412,11540.85499,12437.99247,9806.760829,8407.66855,7629.421846,7249.966102,11265.03013,12612.19774,10081.08663,8427.007533,7492.303202,10501.95857,12523.66855,10719.27495,8870.915254,7779.747646,7276.809793,7720.770245,11742.11488,11819.62524,9199.903955,7916.201507,7171.020716,11407.37476,12076.19397,9475.003766,8107.65725,7337.851224,11171.49529,12090.41431,9713.644068,8145.913371,7321.431262,6972.235405,10435.44256,12071.73823,9721.129944,8114.740113,9865.44351,8487.582332,7944.830529,10924.1881,10528.85096,8615.966947,8160.704928,11231.01442
D2,D2_6,9982.088512,8621.096045,7724.478343,7208.819209,9938.00565,12363.9209,11962.30697,9470.077213,8458.446328,7715.952919,7183.020716,7055.751412,11540.85499,12437.99247,9806.760829,8407.66855,7629.421846,7249.966102,11265.03013,12612.19774,10081.08663,8427.007533,7492.303202,10501.95857,12523.66855,10719.27495,8870.915254,7779.747646,7276.809793,7720.770245,11742.11488,11819.62524,9199.903955,7916.201507,7171.020716,11407.37476,12076.19397,9475.003766,8107.65725,7337.851224,11171.49529,12090.41431,9713.644068,8145.913371,7321.431262,6972.235405,10435.44256,12071.73823,9721.129944,8114.740113,9865.44351,8487.582332,7944.830529,10924.1881,10528.85096,8615.966947,8160.704928,11231.01442,10222.89784,8523.728966
D3,D3_1,10262.41524,13204.11238,12136.77905,10035.1981,13109.06857,13181.3219,10265.78095,13274.6381,13564.98667,10681.99048,9446.308571,12982.1219,13011.4819,10278.72952,13126.37524,13350.47429,10327.29524,11324.68,13069.95619,12135.92762,9728.072381,12872.53333,13007.1181,10084.90857,10581.37905,12788.3981,11504.45333,9406.584762,12744.03048,12674.13905,9768.847619,12444.25905,12685.59048,9721.31619,11915.05714,12898.78667,10382.52381,12602.2019,12952.07429,10922.18857,8936.887619,12345.50476,12675.13143,9939.64,8803.432381,12140.5181,12599.09524,10273.94667,11012.9619,12420.42857,10605.72571,10208.95048,12415.97143,10853.62095,9581.449524,12230.72762,10394.57143,9062.262857,12031.44952,10826.87048
D3,D3_2,12136.77905,10035.1981,13109.06857,13181.3219,10265.78095,13274.6381,13564.98667,10681.99048,9446.308571,12982.1219,13011.4819,10278.72952,13126.37524,13350.47429,10327.29524,11324.68,13069.95619,12135.92762,9728.072381,12872.53333,13007.1181,10084.90857,10581.37905,12788.3981,11504.45333,9406.584762,12744.03048,12674.13905,9768.847619,12444.25905,12685.59048,9721.31619,11915.05714,12898.78667,10382.52381,12602.2019,12952.07429,10922.18857,8936.887619,12345.50476,12675.13143,9939.64,8803.432381,12140.5181,12599.09524,10273.94667,11012.9619,12420.42857,10605.72571,10208.95048,12415.97143,10853.62095,9581.449524,12230.72762,10394.57143,9062.262857,12031.44952,10826.87048,10655.9257,11462.19195
D3,D3_3,13109.06857,13181.3219,10265.78095,13274.6381,13564.98667,10681.99048,9446.308571,12982.1219,13011.4819,10278.72952,13126.37524,13350.47429,10327.29524,11324.68,13069.95619,12135.92762,9728.072381,12872.53333,13007.1181,10084.90857,10581.37905,12788.3981,11504.45333,9406.584762,12744.03048,12674.13905,9768.847619,12444.25905,12685.59048,9721.31619,11915.05714,12898.78667,10382.52381,12602.2019,12952.07429,10922.18857,8936.887619,12345.50476,12675.13143,9939.64,8803.432381,12140.5181,12599.09524,10273.94667,11012.9619,12420.42857,10605.72571,10208.95048,12415.97143,10853.62095,9581.449524,12230.72762,10394.57143,9062.262857,12031.44952,10826.87048,10655.9257,11462.19195,11826.98607,10649.73684
D3,D3_4,10265.78095,13274.6381,13564.98667,10681.99048,9446.308571,12982.1219,13011.4819,10278.72952,13126.37524,13350.47429,10327.29524,11324.68,13069.95619,12135.92762,9728.072381,12872.53333,13007.1181,10084.90857,10581.37905,12788.3981,11504.45333,9406.584762,12744.03048,12674.13905,9768.847619,12444.25905,12685.59048,9721.31619,11915.05714,12898.78667,10382.52381,12602.2019,12952.07429,10922.18857,8936.887619,12345.50476,12675.13143,9939.64,8803.432381,12140.5181,12599.09524,10273.94667,11012.9619,12420.42857,10605.72571,10208.95048,12415.97143,10853.62095,9581.449524,12230.72762,10394.57143,9062.262857,12031.44952,10826.87048,10655.9257,11462.19195,11826.98607,10649.73684,9672.820433,8986.095975
D3,D3_5,13564.98667,10681.99048,9446.308571,12982.1219,13011.4819,10278.72952,13126.37524,13350.47429,10327.29524,11324.68,13069.95619,12135.92762,9728.072381,12872.53333,13007.1181,10084.90857,10581.37905,12788.3981,11504.45333,9406.584762,12744.03048,12674.13905,9768.847619,12444.25905,12685.59048,9721.31619,11915.05714,12898.78667,10382.52381,12602.2019,12952.07429,10922.18857,8936.887619,12345.50476,12675.13143,9939.64,8803.432381,12140.5181,12599.09524,10273.94667,11012.9619,12420.42857,10605.72571,10208.95048,12415.97143,10853.62095,9581.449524,12230.72762,10394.57143,9062.262857,12031.44952,10826.87048,10655.9257,11462.19195,11826.98607,10649.73684,9672.820433,8986.095975,8409.643963,8002.154799
E2,E2_1,7201.553961,6947.657742,7146.204803,10583.51228,11330.65664,9265.50759,7919.587359,7215.950593,6975.303892,6948.054099,8180.278774,10775.20701,10952.61386,8662.222192,7556.418162,7031.788573,6703.622136,6756.298096,9561.842948,10912.56804,9911.630969,8075.710185,7248.558101,6815.894287,6701.290643,6827.34557,10093.01739,10930.39801,8837.462324,7649.817555,6950.839912,6584.055203,6534.207287,7510.623516,10412.83218,10322.04223,8274.939553,7235.12255,6691.474745,6477.917196,6554.008832,9617.661054,10697.96715,9048.758763,7604.567209,6805.668231,6472.142423,6353.513663,6473.571626,9766.838532,10662.31576,8627.432791,7280.990339,6661.451007,6338.781673,6239.322937,6274.748275,8466.588463,10367.93679,9190.795473
E2,E2_2,7146.204803,10583.51228,11330.65664,9265.50759,7919.587359,7215.950593,6975.303892,6948.054099,8180.278774,10775.20701,10952.61386,8662.222192,7556.418162,7031.788573,6703.622136,6756.298096,9561.842948,10912.56804,9911.630969,8075.710185,7248.558101,6815.894287,6701.290643,6827.34557,10093.01739,10930.39801,8837.462324,7649.817555,6950.839912,6584.055203,6534.207287,7510.623516,10412.83218,10322.04223,8274.939553,7235.12255,6691.474745,6477.917196,6554.008832,9617.661054,10697.96715,9048.758763,7604.567209,6805.668231,6472.142423,6353.513663,6473.571626,9766.838532,10662.31576,8627.432791,7280.990339,6661.451007,6338.781673,6239.322937,6274.748275,8466.588463,10367.93679,9190.795473,10263.63024,13061.57335
E2,E2_3,11330.65664,9265.50759,7919.587359,7215.950593,6975.303892,6948.054099,8180.278774,10775.20701,10952.61386,8662.222192,7556.418162,7031.788573,6703.622136,6756.298096,9561.842948,10912.56804,9911.630969,8075.710185,7248.558101,6815.894287,6701.290643,6827.34557,10093.01739,10930.39801,8837.462324,7649.817555,6950.839912,6584.055203,6534.207287,7510.623516,10412.83218,10322.04223,8274.939553,7235.12255,6691.474745,6477.917196,6554.008832,9617.661054,10697.96715,9048.758763,7604.567209,6805.668231,6472.142423,6353.513663,6473.571626,9766.838532,10662.31576,8627.432791,7280.990339,6661.451007,6338.781673,6239.322937,6274.748275,8466.588463,10367.93679,9190.795473,10263.63024,13061.57335,10288.98204,8855.446108
E2,E2_4,7919.587359,7215.950593,6975.303892,6948.054099,8180.278774,10775.20701,10952.61386,8662.222192,7556.418162,7031.788573,6703.622136,6756.298096,9561.842948,10912.56804,9911.630969,8075.710185,7248.558101,6815.894287,6701.290643,6827.34557,10093.01739,10930.39801,8837.462324,7649.817555,6950.839912,6584.055203,6534.207287,7510.623516,10412.83218,10322.04223,8274.939553,7235.12255,6691.474745,6477.917196,6554.008832,9617.661054,10697.96715,9048.758763,7604.567209,6805.668231,6472.142423,6353.513663,6473.571626,9766.838532,10662.31576,8627.432791,7280.990339,6661.451007,6338.781673,6239.322937,6274.748275,8466.588463,10367.93679,9190.795473,10263.63024,13061.57335,10288.98204,8855.446108,8088.251497,7558.69012
E2,E2_5,6975.303892,6948.054099,8180.278774,10775.20701,10952.61386,8662.222192,7556.418162,7031.788573,6703.622136,6756.298096,9561.842948,10912.56804,9911.630969,8075.710185,7248.558101,6815.894287,6701.290643,6827.34557,10093.01739,10930.39801,8837.462324,7649.817555,6950.839912,6584.055203,6534.207287,7510.623516,10412.83218,10322.04223,8274.939553,7235.12255,6691.474745,6477.917196,6554.008832,9617.661054,10697.96715,9048.758763,7604.567209,6805.668231,6472.142423,6353.513663,6473.571626,9766.838532,10662.31576,8627.432791,7280.990339,6661.451007,6338.781673,6239.322937,6274.748275,8466.588463,10367.93679,9190.795473,10263.63024,13061.57335,10288.98204,8855.446108,8088.251497,7558.69012,7269.004491,8382.923653
E3,E3_1,6632.752434,6656.262865,6685.495132,6586.954103,6484.354659,6396.732962,6421.634214,6577.011127,9820.477051,11996.74131,12554.88873,10525.64534,9248.411683,8282.13491,7590.433936,7102.735744,6761.456189,6523.720445,6356.197497,6296.008345,6319.599444,6438.363004,9361.550765,11649.92768,11970.80389,10095.12935,8803.104312,7953.823366,7324.827538,6921.578581,6642.564673,6427.727399,6320.279555,6298.154381,6303.257302,6368.350487,6358.269819,6299.968011,6232.692629,6200.990264,6344.524339,6306.276773,6224.400556,6120.350487,6052.564673,6007.94993,5998.151599,6202.748261,9120.922114,11461.76495,11978.72045,10120.86787,8803.937413,7838.385257,7142.656467,6683.632823,6364.49096,6175.10153,6101.465925,6028.030598
E3,E3_2,6685.495132,6586.954103,6484.354659,6396.732962,6421.634214,6577.011127,9820.477051,11996.74131,12554.88873,10525.64534,9248.411683,8282.13491,7590.433936,7102.735744,6761.456189,6523.720445,6356.197497,6296.008345,6319.599444,6438.363004,9361.550765,11649.92768,11970.80389,10095.12935,8803.104312,7953.823366,7324.827538,6921.578581,6642.564673,6427.727399,6320.279555,6298.154381,6303.257302,6368.350487,6358.269819,6299.968011,6232.692629,6200.990264,6344.524339,6306.276773,6224.400556,6120.350487,6052.564673,6007.94993,5998.151599,6202.748261,9120.922114,11461.76495,11978.72045,10120.86787,8803.937413,7838.385257,7142.656467,6683.632823,6364.49096,6175.10153,6101.465925,6028.030598,7705.615023,14454.63568
E3,E3_3,6484.354659,6396.732962,6421.634214,6577.011127,9820.477051,11996.74131,12554.88873,10525.64534,9248.411683,8282.13491,7590.433936,7102.735744,6761.456189,6523.720445,6356.197497,6296.008345,6319.599444,6438.363004,9361.550765,11649.92768,11970.80389,10095.12935,8803.104312,7953.823366,7324.827538,6921.578581,6642.564673,6427.727399,6320.279555,6298.154381,6303.257302,6368.350487,6358.269819,6299.968011,6232.692629,6200.990264,6344.524339,6306.276773,6224.400556,6120.350487,6052.564673,6007.94993,5998.151599,6202.748261,9120.922114,11461.76495,11978.72045,10120.86787,8803.937413,7838.385257,7142.656467,6683.632823,6364.49096,6175.10153,6101.465925,6028.030598,7705.615023,14454.63568,17454.64507,14742.37371
E3,E3_4,6421.634214,6577.011127,9820.477051,11996.74131,12554.88873,10525.64534,9248.411683,8282.13491,7590.433936,7102.735744,6761.456189,6523.720445,6356.197497,6296.008345,6319.599444,6438.363004,9361.550765,11649.92768,11970.80389,10095.12935,8803.104312,7953.823366,7324.827538,6921.578581,6642.564673,6427.727399,6320.279555,6298.154381,6303.257302,6368.350487,6358.269819,6299.968011,6232.692629,6200.990264,6344.524339,6306.276773,6224.400556,6120.350487,6052.564673,6007.94993,5998.151599,6202.748261,9120.922114,11461.76495,11978.72045,10120.86787,8803.937413,7838.385257,7142.656467,6683.632823,6364.49096,6175.10153,6101.465925,6028.030598,7705.615023,14454.63568,17454.64507,14742.37371,16925.79531,18136.13521
E3,E3_5,9820.477051,11996.74131,12554.88873,10525.64534,9248.411683,8282.13491,7590.433936,7102.735744,6761.456189,6523.720445,6356.197497,6296.008345,6319.599444,6438.363004,9361.550765,11649.92768,11970.80389,10095.12935,8803.104312,7953.823366,7324.827538,6921.578581,6642.564673,6427.727399,6320.279555,6298.154381,6303.257302,6368.350487,6358.269819,6299.968011,6232.692629,6200.990264,6344.524339,6306.276773,6224.400556,6120.350487,6052.564673,6007.94993,5998.151599,6202.748261,9120.922114,11461.76495,11978.72045,10120.86787,8803.937413,7838.385257,7142.656467,6683.632823,6364.49096,6175.10153,6101.465925,6028.030598,7705.615023,14454.63568,17454.64507,14742.37371,16925.79531,18136.13521,14009.53803,11452.1831
F2,F2_1,11649.24017,9079.071201,7556.317747,6637.162593,6054.388948,5829.475027,5719.715197,5660.698193,5718.357067,8919.834219,11245.47396,11444.03719,9020.366631,7446.256111,6511.78746,5949.722635,5628.666312,5455.5983,5511.064825,5730.962806,9610.911796,11277.17428,10944.59405,8520.94899,7145.188098,6368.956429,5919.499469,5569.336876,5400.871413,5685.25186,5746.945802,5785.942614,5844.875664,9766.402763,11396.19766,9568.722635,7658.845909,6572.560043,5907.985122,5611.934113,5439.22423,5341.532412,5378.528162,5538.341126,5547.111583,5504.179596,5510.107333,5523.073326,7564.580234,10708.34857,11229.56217,8846.210414,7184.002125,6319.77152,5796.433581,5413.656748,5190.917109,5116.846971,5084.057386,5116.770457
F2,F2_2,7556.317747,6637.162593,6054.388948,5829.475027,5719.715197,5660.698193,5718.357067,8919.834219,11245.47396,11444.03719,9020.366631,7446.256111,6511.78746,5949.722635,5628.666312,5455.5983,5511.064825,5730.962806,9610.911796,11277.17428,10944.59405,8520.94899,7145.188098,6368.956429,5919.499469,5569.336876,5400.871413,5685.25186,5746.945802,5785.942614,5844.875664,9766.402763,11396.19766,9568.722635,7658.845909,6572.560043,5907.985122,5611.934113,5439.22423,5341.532412,5378.528162,5538.341126,5547.111583,5504.179596,5510.107333,5523.073326,7564.580234,10708.34857,11229.56217,8846.210414,7184.002125,6319.77152,5796.433581,5413.656748,5190.917109,5116.846971,5084.057386,5116.770457,7250.736099,6738.646955
F2,F2_3,6054.388948,5829.475027,5719.715197,5660.698193,5718.357067,8919.834219,11245.47396,11444.03719,9020.366631,7446.256111,6511.78746,5949.722635,5628.666312,5455.5983,5511.064825,5730.962806,9610.911796,11277.17428,10944.59405,8520.94899,7145.188098,6368.956429,5919.499469,5569.336876,5400.871413,5685.25186,5746.945802,5785.942614,5844.875664,9766.402763,11396.19766,9568.722635,7658.845909,6572.560043,5907.985122,5611.934113,5439.22423,5341.532412,5378.528162,5538.341126,5547.111583,5504.179596,5510.107333,5523.073326,7564.580234,10708.34857,11229.56217,8846.210414,7184.002125,6319.77152,5796.433581,5413.656748,5190.917109,5116.846971,5084.057386,5116.770457,7250.736099,6738.646955,6381.615181,6076.135922
F2,F2_4,5719.715197,5660.698193,5718.357067,8919.834219,11245.47396,11444.03719,9020.366631,7446.256111,6511.78746,5949.722635,5628.666312,5455.5983,5511.064825,5730.962806,9610.911796,11277.17428,10944.59405,8520.94899,7145.188098,6368.956429,5919.499469,5569.336876,5400.871413,5685.25186,5746.945802,5785.942614,5844.875664,9766.402763,11396.19766,9568.722635,7658.845909,6572.560043,5907.985122,5611.934113,5439.22423,5341.532412,5378.528162,5538.341126,5547.111583,5504.179596,5510.107333,5523.073326,7564.580234,10708.34857,11229.56217,8846.210414,7184.002125,6319.77152,5796.433581,5413.656748,5190.917109,5116.846971,5084.057386,5116.770457,7250.736099,6738.646955,6381.615181,6076.135922,5837.695499,5753.115622
F2,F2_5,5718.357067,8919.834219,11245.47396,11444.03719,9020.366631,7446.256111,6511.78746,5949.722635,5628.666312,5455.5983,5511.064825,5730.962806,9610.911796,11277.17428,10944.59405,8520.94899,7145.188098,6368.956429,5919.499469,5569.336876,5400.871413,5685.25186,5746.945802,5785.942614,5844.875664,9766.402763,11396.19766,9568.722635,7658.845909,6572.560043,5907.985122,5611.934113,5439.22423,5341.532412,5378.528162,5538.341126,5547.111583,5504.179596,5510.107333,5523.073326,7564.580234,10708.34857,11229.56217,8846.210414,7184.002125,6319.77152,5796.433581,5413.656748,5190.917109,5116.846971,5084.057386,5116.770457,7250.736099,6738.646955,6381.615181,6076.135922,5837.695499,5753.115622,5613.601059,5500.72639
F2,F2_6,11245.47396,11444.03719,9020.366631,7446.256111,6511.78746,5949.722635,5628.666312,5455.5983,5511.064825,5730.962806,9610.911796,11277.17428,10944.59405,8520.94899,7145.188098,6368.956429,5919.499469,5569.336876,5400.871413,5685.25186,5746.945802,5785.942614,5844.875664,9766.402763,11396.19766,9568.722635,7658.845909,6572.560043,5907.985122,5611.934113,5439.22423,5341.532412,5378.528162,5538.341126,5547.111583,5504.179596,5510.107333,5523.073326,7564.580234,10708.34857,11229.56217,8846.210414,7184.002125,6319.77152,5796.433581,5413.656748,5190.917109,5116.846971,5084.057386,5116.770457,7250.736099,6738.646955,6381.615181,6076.135922,5837.695499,5753.115622,5613.601059,5500.72639,5494.364519,5619.721094
F2,F2_7,9020.366631,7446.256111,6511.78746,5949.722635,5628.666312,5455.5983,5511.064825,5730.962806,9610.911796,11277.17428,10944.59405,8520.94899,7145.188098,6368.956429,5919.499469,5569.336876,5400.871413,5685.25186,5746.945802,5785.942614,5844.875664,9766.402763,11396.19766,9568.722635,7658.845909,6572.560043,5907.985122,5611.934113,5439.22423,5341.532412,5378.528162,5538.341126,5547.111583,5504.179596,5510.107333,5523.073326,7564.580234,10708.34857,11229.56217,8846.210414,7184.002125,6319.77152,5796.433581,5413.656748,5190.917109,5116.846971,5084.057386,5116.770457,7250.736099,6738.646955,6381.615181,6076.135922,5837.695499,5753.115622,5613.601059,5500.72639,5494.364519,5619.721094,5549.80053,5551.39541
F2,F2_8,6511.78746,5949.722635,5628.666312,5455.5983,5511.064825,5730.962806,9610.911796,11277.17428,10944.59405,8520.94899,7145.188098,6368.956429,5919.499469,5569.336876,5400.871413,5685.25186,5746.945802,5785.942614,5844.875664,9766.402763,11396.19766,9568.722635,7658.845909,6572.560043,5907.985122,5611.934113,5439.22423,5341.532412,5378.528162,5538.341126,5547.111583,5504.179596,5510.107333,5523.073326,7564.580234,10708.34857,11229.56217,8846.210414,7184.002125,6319.77152,5796.433581,5413.656748,5190.917109,5116.846971,5084.057386,5116.770457,7250.736099,6738.646955,6381.615181,6076.135922,5837.695499,5753.115622,5613.601059,5500.72639,5494.364519,5619.721094,5549.80053,5551.39541,5514.944395,5428.751103
F2,F2_9,5628.666312,5455.5983,5511.064825,5730.962806,9610.911796,11277.17428,10944.59405,8520.94899,7145.188098,6368.956429,5919.499469,5569.336876,5400.871413,5685.25186,5746.945802,5785.942614,5844.875664,9766.402763,11396.19766,9568.722635,7658.845909,6572.560043,5907.985122,5611.934113,5439.22423,5341.532412,5378.528162,5538.341126,5547.111583,5504.179596,5510.107333,5523.073326,7564.580234,10708.34857,11229.56217,8846.210414,7184.002125,6319.77152,5796.433581,5413.656748,5190.917109,5116.846971,5084.057386,5116.770457,7250.736099,6738.646955,6381.615181,6076.135922,5837.695499,5753.115622,5613.601059,5500.72639,5494.364519,5619.721094,5549.80053,5551.39541,5514.944395,5428.751103,5459.265666,5559.744925
F2,F2_10,5511.064825,5730.962806,9610.911796,11277.17428,10944.59405,8520.94899,7145.188098,6368.956429,5919.499469,5569.336876,5400.871413,5685.25186,5746.945802,5785.942614,5844.875664,9766.402763,11396.19766,9568.722635,7658.845909,6572.560043,5907.985122,5611.934113,5439.22423,5341.532412,5378.528162,5538.341126,5547.111583,5504.179596,5510.107333,5523.073326,7564.580234,10708.34857,11229.56217,8846.210414,7184.002125,6319.77152,5796.433581,5413.656748,5190.917109,5116.846971,5084.057386,5116.770457,7250.736099,6738.646955,6381.615181,6076.135922,5837.695499,5753.115622,5613.601059,5500.72639,5494.364519,5619.721094,5549.80053,5551.39541,5514.944395,5428.751103,5459.265666,5559.744925,5482.207414,5382.541041
F2,F2_11,9610.911796,11277.17428,10944.59405,8520.94899,7145.188098,6368.956429,5919.499469,5569.336876,5400.871413,5685.25186,5746.945802,5785.942614,5844.875664,9766.402763,11396.19766,9568.722635,7658.845909,6572.560043,5907.985122,5611.934113,5439.22423,5341.532412,5378.528162,5538.341126,5547.111583,5504.179596,5510.107333,5523.073326,7564.580234,10708.34857,11229.56217,8846.210414,7184.002125,6319.77152,5796.433581,5413.656748,5190.917109,5116.846971,5084.057386,5116.770457,7250.736099,6738.646955,6381.615181,6076.135922,5837.695499,5753.115622,5613.601059,5500.72639,5494.364519,5619.721094,5549.80053,5551.39541,5514.944395,5428.751103,5459.265666,5559.744925,5482.207414,5382.541041,5330.603707,5348.955869
F3,F3_1,5568.046632,6957.046632,7756.748705,8151.07772,7664.360104,7096.554404,6668.309585,6275.085492,5963.515544,5650.910622,5448.193005,5317.755181,5687.92487,6776.13342,7621.779793,8077.817358,7500.753886,6939.834197,6762.920984,7661.661917,8041.400259,7562.283679,6990.73057,7784.204663,8092.462435,7664.707254,7008.983161,6533.024611,6066.927461,5723.28886,5554.737047,5448.923575,5328.463731,5231.955959,5245.384715,6589.779793,7529.060881,7023.312176,6650.735751,6228.404145,5818.604922,5488.705959,5235.621762,5120.046632,5015.875648,4966.979275,5068.566062,5075.676166,6101.784974,7521.016839,7289.426166,6751.260363,6318.831606,5944.082902,5623.098446,5354.080311,5158.42228,5006.391192,4876.753886,4801.011658
F3,F3_2,7756.748705,8151.07772,7664.360104,7096.554404,6668.309585,6275.085492,5963.515544,5650.910622,5448.193005,5317.755181,5687.92487,6776.13342,7621.779793,8077.817358,7500.753886,6939.834197,6762.920984,7661.661917,8041.400259,7562.283679,6990.73057,7784.204663,8092.462435,7664.707254,7008.983161,6533.024611,6066.927461,5723.28886,5554.737047,5448.923575,5328.463731,5231.955959,5245.384715,6589.779793,7529.060881,7023.312176,6650.735751,6228.404145,5818.604922,5488.705959,5235.621762,5120.046632,5015.875648,4966.979275,5068.566062,5075.676166,6101.784974,7521.016839,7289.426166,6751.260363,6318.831606,5944.082902,5623.098446,5354.080311,5158.42228,5006.391192,4876.753886,4801.011658,5153.444353,5112.280297
F3,F3_3,7664.360104,7096.554404,6668.309585,6275.085492,5963.515544,5650.910622,5448.193005,5317.755181,5687.92487,6776.13342,7621.779793,8077.817358,7500.753886,6939.834197,6762.920984,7661.661917,8041.400259,7562.283679,6990.73057,7784.204663,8092.462435,7664.707254,7008.983161,6533.024611,6066.927461,5723.28886,5554.737047,5448.923575,5328.463731,5231.955959,5245.384715,6589.779793,7529.060881,7023.312176,6650.735751,6228.404145,5818.604922,5488.705959,5235.621762,5120.046632,5015.875648,4966.979275,5068.566062,5075.676166,6101.784974,7521.016839,7289.426166,6751.260363,6318.831606,5944.082902,5623.098446,5354.080311,5158.42228,5006.391192,4876.753886,4801.011658,5153.444353,5112.280297,5081.732894,5079.116241
F3,F3_4,6668.309585,6275.085492,5963.515544,5650.910622,5448.193005,5317.755181,5687.92487,6776.13342,7621.779793,8077.817358,7500.753886,6939.834197,6762.920984,7661.661917,8041.400259,7562.283679,6990.73057,7784.204663,8092.462435,7664.707254,7008.983161,6533.024611,6066.927461,5723.28886,5554.737047,5448.923575,5328.463731,5231.955959,5245.384715,6589.779793,7529.060881,7023.312176,6650.735751,6228.404145,5818.604922,5488.705959,5235.621762,5120.046632,5015.875648,4966.979275,5068.566062,5075.676166,6101.784974,7521.016839,7289.426166,6751.260363,6318.831606,5944.082902,5623.098446,5354.080311,5158.42228,5006.391192,4876.753886,4801.011658,5153.444353,5112.280297,5081.732894,5079.116241,5104.485573,5056.127782
F3,F3_5,5963.515544,5650.910622,5448.193005,5317.755181,5687.92487,6776.13342,7621.779793,8077.817358,7500.753886,6939.834197,6762.920984,7661.661917,8041.400259,7562.283679,6990.73057,7784.204663,8092.462435,7664.707254,7008.983161,6533.024611,6066.927461,5723.28886,5554.737047,5448.923575,5328.463731,5231.955959,5245.384715,6589.779793,7529.060881,7023.312176,6650.735751,6228.404145,5818.604922,5488.705959,5235.621762,5120.046632,5015.875648,4966.979275,5068.566062,5075.676166,6101.784974,7521.016839,7289.426166,6751.260363,6318.831606,5944.082902,5623.098446,5354.080311,5158.42228,5006.391192,4876.753886,4801.011658,5153.444353,5112.280297,5081.732894,5079.116241,5104.485573,5056.127782,5038.294312,5109.626546
F3,F3_6,5448.193005,5317.755181,5687.92487,6776.13342,7621.779793,8077.817358,7500.753886,6939.834197,6762.920984,7661.661917,8041.400259,7562.283679,6990.73057,7784.204663,8092.462435,7664.707254,7008.983161,6533.024611,6066.927461,5723.28886,5554.737047,5448.923575,5328.463731,5231.955959,5245.384715,6589.779793,7529.060881,7023.312176,6650.735751,6228.404145,5818.604922,5488.705959,5235.621762,5120.046632,5015.875648,4966.979275,5068.566062,5075.676166,6101.784974,7521.016839,7289.426166,6751.260363,6318.831606,5944.082902,5623.098446,5354.080311,5158.42228,5006.391192,4876.753886,4801.011658,5153.444353,5112.280297,5081.732894,5079.116241,5104.485573,5056.127782,5038.294312,5109.626546,6371.232481,7088.522671
F3,F3_7,5687.92487,6776.13342,7621.779793,8077.817358,7500.753886,6939.834197,6762.920984,7661.661917,8041.400259,7562.283679,6990.73057,7784.204663,8092.462435,7664.707254,7008.983161,6533.024611,6066.927461,5723.28886,5554.737047,5448.923575,5328.463731,5231.955959,5245.384715,6589.779793,7529.060881,7023.312176,6650.735751,6228.404145,5818.604922,5488.705959,5235.621762,5120.046632,5015.875648,4966.979275,5068.566062,5075.676166,6101.784974,7521.016839,7289.426166,6751.260363,6318.831606,5944.082902,5623.098446,5354.080311,5158.42228,5006.391192,4876.753886,4801.011658,5153.444353,5112.280297,5081.732894,5079.116241,5104.485573,5056.127782,5038.294312,5109.626546,6371.232481,7088.522671,7428.148392,6920.91014
F3,F3_8,7621.779793,8077.817358,7500.753886,6939.834197,6762.920984,7661.661917,8041.400259,7562.283679,6990.73057,7784.204663,8092.462435,7664.707254,7008.983161,6533.024611,6066.927461,5723.28886,5554.737047,5448.923575,5328.463731,5231.955959,5245.384715,6589.779793,7529.060881,7023.312176,6650.735751,6228.404145,5818.604922,5488.705959,5235.621762,5120.046632,5015.875648,4966.979275,5068.566062,5075.676166,6101.784974,7521.016839,7289.426166,6751.260363,6318.831606,5944.082902,5623.098446,5354.080311,5158.42228,5006.391192,4876.753886,4801.011658,5153.444353,5112.280297,5081.732894,5079.116241,5104.485573,5056.127782,5038.294312,5109.626546,6371.232481,7088.522671,7428.148392,6920.91014,6316.10305,5856.87634
F3,F3_9,7500.753886,6939.834197,6762.920984,7661.661917,8041.400259,7562.283679,6990.73057,7784.204663,8092.462435,7664.707254,7008.983161,6533.024611,6066.927461,5723.28886,5554.737047,5448.923575,5328.463731,5231.955959,5245.384715,6589.779793,7529.060881,7023.312176,6650.735751,6228.404145,5818.604922,5488.705959,5235.621762,5120.046632,5015.875648,4966.979275,5068.566062,5075.676166,6101.784974,7521.016839,7289.426166,6751.260363,6318.831606,5944.082902,5623.098446,5354.080311,5158.42228,5006.391192,4876.753886,4801.011658,5153.444353,5112.280297,5081.732894,5079.116241,5104.485573,5056.127782,5038.294312,5109.626546,6371.232481,7088.522671,7428.148392,6920.91014,6316.10305,5856.87634,5518.658697,5340.141797
F3,F3_10,6762.920984,7661.661917,8041.400259,7562.283679,6990.73057,7784.204663,8092.462435,7664.707254,7008.983161,6533.024611,6066.927461,5723.28886,5554.737047,5448.923575,5328.463731,5231.955959,5245.384715,6589.779793,7529.060881,7023.312176,6650.735751,6228.404145,5818.604922,5488.705959,5235.621762,5120.046632,5015.875648,4966.979275,5068.566062,5075.676166,6101.784974,7521.016839,7289.426166,6751.260363,6318.831606,5944.082902,5623.098446,5354.080311,5158.42228,5006.391192,4876.753886,4801.011658,5153.444353,5112.280297,5081.732894,5079.116241,5104.485573,5056.127782,5038.294312,5109.626546,6371.232481,7088.522671,7428.148392,6920.91014,6316.10305,5856.87634,5518.658697,5340.141797,5164.732894,5009.862325
F3,F3_11,8041.400259,7562.283679,6990.73057,7784.204663,8092.462435,7664.707254,7008.983161,6533.024611,6066.927461,5723.28886,5554.737047,5448.923575,5328.463731,5231.955959,5245.384715,6589.779793,7529.060881,7023.312176,6650.735751,6228.404145,5818.604922,5488.705959,5235.621762,5120.046632,5015.875648,4966.979275,5068.566062,5075.676166,6101.784974,7521.016839,7289.426166,6751.260363,6318.831606,5944.082902,5623.098446,5354.080311,5158.42228,5006.391192,4876.753886,4801.011658,5153.444353,5112.280297,5081.732894,5079.116241,5104.485573,5056.127782,5038.294312,5109.626546,6371.232481,7088.522671,7428.148392,6920.91014,6316.10305,5856.87634,5518.658697,5340.141797,5164.732894,5009.862325,4903.548228,4804.8277
F3,F3_12,6990.73057,7784.204663,8092.462435,7664.707254,7008.983161,6533.024611,6066.927461,5723.28886,5554.737047,5448.923575,5328.463731,5231.955959,5245.384715,6589.779793,7529.060881,7023.312176,6650.735751,6228.404145,5818.604922,5488.705959,5235.621762,5120.046632,5015.875648,4966.979275,5068.566062,5075.676166,6101.784974,7521.016839,7289.426166,6751.260363,6318.831606,5944.082902,5623.098446,5354.080311,5158.42228,5006.391192,4876.753886,4801.011658,5153.444353,5112.280297,5081.732894,5079.116241,5104.485573,5056.127782,5038.294312,5109.626546,6371.232481,7088.522671,7428.148392,6920.91014,6316.10305,5856.87634,5518.658697,5340.141797,5164.732894,5009.862325,4903.548228,4804.8277,4780.028854,4791.79967
G2,G2_1,8247.56124,6815.64186,6127.083721,5677.617054,10802.23566,11810.39225,8655.462016,6980.437209,6097.136434,5625.417054,10545.92248,12219.66202,8980.593798,7175.39845,6162.516279,5628.133333,7818.333333,12587.39845,9790.232558,7575.116279,6456.570543,5822.67907,5839.021705,12174.15194,9850.748837,7542.155039,6360.193798,5745.809302,5450.71938,10651.89612,10836.2093,8070.147287,6650.812403,5858.547287,5456.700775,10521.66512,11563.23101,9252.965891,7176.351938,6107.209302,5613.136434,5388.578295,11594.67442,8858.539535,7001,6070.412403,5750.286822,11595.06977,8657.305426,6880.314729,6003.64031,5526.221705,6636.765891,10957.35504,8151.122481,6649.550388,5841.469767,5426.263566,5667.775194,11404.80775
G2,G2_2,6127.083721,5677.617054,10802.23566,11810.39225,8655.462016,6980.437209,6097.136434,5625.417054,10545.92248,12219.66202,8980.593798,7175.39845,6162.516279,5628.133333,7818.333333,12587.39845,9790.232558,7575.116279,6456.570543,5822.67907,5839.021705,12174.15194,9850.748837,7542.155039,6360.193798,5745.809302,5450.71938,10651.89612,10836.2093,8070.147287,6650.812403,5858.547287,5456.700775,10521.66512,11563.23101,9252.965891,7176.351938,6107.209302,5613.136434,5388.578295,11594.67442,8858.539535,7001,6070.412403,5750.286822,11595.06977,8657.305426,6880.314729,6003.64031,5526.221705,6636.765891,10957.35504,8151.122481,6649.550388,5841.469767,5426.263566,5667.775194,11404.80775,5422.851423,5390.097865
G2,G2_3,10802.23566,11810.39225,8655.462016,6980.437209,6097.136434,5625.417054,10545.92248,12219.66202,8980.593798,7175.39845,6162.516279,5628.133333,7818.333333,12587.39845,9790.232558,7575.116279,6456.570543,5822.67907,5839.021705,12174.15194,9850.748837,7542.155039,6360.193798,5745.809302,5450.71938,10651.89612,10836.2093,8070.147287,6650.812403,5858.547287,5456.700775,10521.66512,11563.23101,9252.965891,7176.351938,6107.209302,5613.136434,5388.578295,11594.67442,8858.539535,7001,6070.412403,5750.286822,11595.06977,8657.305426,6880.314729,6003.64031,5526.221705,6636.765891,10957.35504,8151.122481,6649.550388,5841.469767,5426.263566,5667.775194,11404.80775,5422.851423,5390.097865,5370.009786,5418.175267
G2,G2_4,8655.462016,6980.437209,6097.136434,5625.417054,10545.92248,12219.66202,8980.593798,7175.39845,6162.516279,5628.133333,7818.333333,12587.39845,9790.232558,7575.116279,6456.570543,5822.67907,5839.021705,12174.15194,9850.748837,7542.155039,6360.193798,5745.809302,5450.71938,10651.89612,10836.2093,8070.147287,6650.812403,5858.547287,5456.700775,10521.66512,11563.23101,9252.965891,7176.351938,6107.209302,5613.136434,5388.578295,11594.67442,8858.539535,7001,6070.412403,5750.286822,11595.06977,8657.305426,6880.314729,6003.64031,5526.221705,6636.765891,10957.35504,8151.122481,6649.550388,5841.469767,5426.263566,5667.775194,11404.80775,5422.851423,5390.097865,5370.009786,5418.175267,5262.683274,5250.367438
G2,G2_5,6097.136434,5625.417054,10545.92248,12219.66202,8980.593798,7175.39845,6162.516279,5628.133333,7818.333333,12587.39845,9790.232558,7575.116279,6456.570543,5822.67907,5839.021705,12174.15194,9850.748837,7542.155039,6360.193798,5745.809302,5450.71938,10651.89612,10836.2093,8070.147287,6650.812403,5858.547287,5456.700775,10521.66512,11563.23101,9252.965891,7176.351938,6107.209302,5613.136434,5388.578295,11594.67442,8858.539535,7001,6070.412403,5750.286822,11595.06977,8657.305426,6880.314729,6003.64031,5526.221705,6636.765891,10957.35504,8151.122481,6649.550388,5841.469767,5426.263566,5667.775194,11404.80775,5422.851423,5390.097865,5370.009786,5418.175267,5262.683274,5250.367438,5258.470641,5208.898577
G2,G2_6,10545.92248,12219.66202,8980.593798,7175.39845,6162.516279,5628.133333,7818.333333,12587.39845,9790.232558,7575.116279,6456.570543,5822.67907,5839.021705,12174.15194,9850.748837,7542.155039,6360.193798,5745.809302,5450.71938,10651.89612,10836.2093,8070.147287,6650.812403,5858.547287,5456.700775,10521.66512,11563.23101,9252.965891,7176.351938,6107.209302,5613.136434,5388.578295,11594.67442,8858.539535,7001,6070.412403,5750.286822,11595.06977,8657.305426,6880.314729,6003.64031,5526.221705,6636.765891,10957.35504,8151.122481,6649.550388,5841.469767,5426.263566,5667.775194,11404.80775,5422.851423,5390.097865,5370.009786,5418.175267,5262.683274,5250.367438,5258.470641,5208.898577,7758.122776,9182.164591
G2,G2_7,8980.593798,7175.39845,6162.516279,5628.133333,7818.333333,12587.39845,9790.232558,7575.116279,6456.570543,5822.67907,5839.021705,12174.15194,9850.748837,7542.155039,6360.193798,5745.809302,5450.71938,10651.89612,10836.2093,8070.147287,6650.812403,5858.547287,5456.700775,10521.66512,11563.23101,9252.965891,7176.351938,6107.209302,5613.136434,5388.578295,11594.67442,8858.539535,7001,6070.412403,5750.286822,11595.06977,8657.305426,6880.314729,6003.64031,5526.221705,6636.765891,10957.35504,8151.122481,6649.550388,5841.469767,5426.263566,5667.775194,11404.80775,5422.851423,5390.097865,5370.009786,5418.175267,5262.683274,5250.367438,5258.470641,5208.898577,7758.122776,9182.164591,7300.044484,6268.034698
G2,G2_8,6162.516279,5628.133333,7818.333333,12587.39845,9790.232558,7575.116279,6456.570543,5822.67907,5839.021705,12174.15194,9850.748837,7542.155039,6360.193798,5745.809302,5450.71938,10651.89612,10836.2093,8070.147287,6650.812403,5858.547287,5456.700775,10521.66512,11563.23101,9252.965891,7176.351938,6107.209302,5613.136434,5388.578295,11594.67442,8858.539535,7001,6070.412403,5750.286822,11595.06977,8657.305426,6880.314729,6003.64031,5526.221705,6636.765891,10957.35504,8151.122481,6649.550388,5841.469767,5426.263566,5667.775194,11404.80775,5422.851423,5390.097865,5370.009786,5418.175267,5262.683274,5250.367438,5258.470641,5208.898577,7758.122776,9182.164591,7300.044484,6268.034698,5700.49911,5426.024021
G3,G3_1,11129.75684,9934.365539,9217.099839,8607.911433,8190.043478,7940.470209,7882.249597,7863.323671,7775.859903,7898.05314,7955.109501,7867.876006,7742.141707,7670.550725,7669.990338,8297.2657,14179.42995,14769.71659,12272.81481,10511.88084,9383.853462,8636.272142,8167.821256,7900.550725,7714.204509,7691.371981,7637.270531,7604.194847,7600.917874,7677.705314,7902.080515,7829.847021,7716.363929,7591.429952,7612.640902,7604.114332,7542.549114,7556.933977,7622.561997,7681.956522,7607.388084,7778.515298,7853.431562,7680.541063,7905.410628,7851.487923,7840.985507,7637.760064,7540.800322,7549.908213,7651.987118,7478.661836,7283.929147,7253.710145,7265.785829,7274.872786,7262.732689,7327.05314,7486.161031,7434.225443
G3,G3_2,9217.099839,8607.911433,8190.043478,7940.470209,7882.249597,7863.323671,7775.859903,7898.05314,7955.109501,7867.876006,7742.141707,7670.550725,7669.990338,8297.2657,14179.42995,14769.71659,12272.81481,10511.88084,9383.853462,8636.272142,8167.821256,7900.550725,7714.204509,7691.371981,7637.270531,7604.194847,7600.917874,7677.705314,7902.080515,7829.847021,7716.363929,7591.429952,7612.640902,7604.114332,7542.549114,7556.933977,7622.561997,7681.956522,7607.388084,7778.515298,7853.431562,7680.541063,7905.410628,7851.487923,7840.985507,7637.760064,7540.800322,7549.908213,7651.987118,7478.661836,7283.929147,7253.710145,7265.785829,7274.872786,7262.732689,7327.05314,7486.161031,7434.225443,8107.008227,8843.946069
G3,G3_3,8190.043478,7940.470209,7882.249597,7863.323671,7775.859903,7898.05314,7955.109501,7867.876006,7742.141707,7670.550725,7669.990338,8297.2657,14179.42995,14769.71659,12272.81481,10511.88084,9383.853462,8636.272142,8167.821256,7900.550725,7714.204509,7691.371981,7637.270531,7604.194847,7600.917874,7677.705314,7902.080515,7829.847021,7716.363929,7591.429952,7612.640902,7604.114332,7542.549114,7556.933977,7622.561997,7681.956522,7607.388084,7778.515298,7853.431562,7680.541063,7905.410628,7851.487923,7840.985507,7637.760064,7540.800322,7549.908213,7651.987118,7478.661836,7283.929147,7253.710145,7265.785829,7274.872786,7262.732689,7327.05314,7486.161031,7434.225443,8107.008227,8843.946069,8021.773309,8376.604205
G3,G3_4,7882.249597,7863.323671,7775.859903,7898.05314,7955.109501,7867.876006,7742.141707,7670.550725,7669.990338,8297.2657,14179.42995,14769.71659,12272.81481,10511.88084,9383.853462,8636.272142,8167.821256,7900.550725,7714.204509,7691.371981,7637.270531,7604.194847,7600.917874,7677.705314,7902.080515,7829.847021,7716.363929,7591.429952,7612.640902,7604.114332,7542.549114,7556.933977,7622.561997,7681.956522,7607.388084,7778.515298,7853.431562,7680.541063,7905.410628,7851.487923,7840.985507,7637.760064,7540.800322,7549.908213,7651.987118,7478.661836,7283.929147,7253.710145,7265.785829,7274.872786,7262.732689,7327.05314,7486.161031,7434.225443,8107.008227,8843.946069,8021.773309,8376.604205,7291,6541.418647
G3,G3_5,7775.859903,7898.05314,7955.109501,7867.876006,7742.141707,7670.550725,7669.990338,8297.2657,14179.42995,14769.71659,12272.81481,10511.88084,9383.853462,8636.272142,8167.821256,7900.550725,7714.204509,7691.371981,7637.270531,7604.194847,7600.917874,7677.705314,7902.080515,7829.847021,7716.363929,7591.429952,7612.640902,7604.114332,7542.549114,7556.933977,7622.561997,7681.956522,7607.388084,7778.515298,7853.431562,7680.541063,7905.410628,7851.487923,7840.985507,7637.760064,7540.800322,7549.908213,7651.987118,7478.661836,7283.929147,7253.710145,7265.785829,7274.872786,7262.732689,7327.05314,7486.161031,7434.225443,8107.008227,8843.946069,8021.773309,8376.604205,7291,6541.418647,6112.297989,5821.585923
G3,G3_6,7955.109501,7867.876006,7742.141707,7670.550725,7669.990338,8297.2657,14179.42995,14769.71659,12272.81481,10511.88084,9383.853462,8636.272142,8167.821256,7900.550725,7714.204509,7691.371981,7637.270531,7604.194847,7600.917874,7677.705314,7902.080515,7829.847021,7716.363929,7591.429952,7612.640902,7604.114332,7542.549114,7556.933977,7622.561997,7681.956522,7607.388084,7778.515298,7853.431562,7680.541063,7905.410628,7851.487923,7840.985507,7637.760064,7540.800322,7549.908213,7651.987118,7478.661836,7283.929147,7253.710145,7265.785829,7274.872786,7262.732689,7327.05314,7486.161031,7434.225443,8107.008227,8843.946069,8021.773309,8376.604205,7291,6541.418647,6112.297989,5821.585923,5563.969835,5464.93053
G3,G3_7,7742.141707,7670.550725,7669.990338,8297.2657,14179.42995,14769.71659,12272.81481,10511.88084,9383.853462,8636.272142,8167.821256,7900.550725,7714.204509,7691.371981,7637.270531,7604.194847,7600.917874,7677.705314,7902.080515,7829.847021,7716.363929,7591.429952,7612.640902,7604.114332,7542.549114,7556.933977,7622.561997,7681.956522,7607.388084,7778.515298,7853.431562,7680.541063,7905.410628,7851.487923,7840.985507,7637.760064,7540.800322,7549.908213,7651.987118,7478.661836,7283.929147,7253.710145,7265.785829,7274.872786,7262.732689,7327.05314,7486.161031,7434.225443,8107.008227,8843.946069,8021.773309,8376.604205,7291,6541.418647,6112.297989,5821.585923,5563.969835,5464.93053,5422.140768,5326.753199
G3,G3_8,7669.990338,8297.2657,14179.42995,14769.71659,12272.81481,10511.88084,9383.853462,8636.272142,8167.821256,7900.550725,7714.204509,7691.371981,7637.270531,7604.194847,7600.917874,7677.705314,7902.080515,7829.847021,7716.363929,7591.429952,7612.640902,7604.114332,7542.549114,7556.933977,7622.561997,7681.956522,7607.388084,7778.515298,7853.431562,7680.541063,7905.410628,7851.487923,7840.985507,7637.760064,7540.800322,7549.908213,7651.987118,7478.661836,7283.929147,7253.710145,7265.785829,7274.872786,7262.732689,7327.05314,7486.161031,7434.225443,8107.008227,8843.946069,8021.773309,8376.604205,7291,6541.418647,6112.297989,5821.585923,5563.969835,5464.93053,5422.140768,5326.753199,5294.081353,5215.321755
G3,G3_9,14179.42995,14769.71659,12272.81481,10511.88084,9383.853462,8636.272142,8167.821256,7900.550725,7714.204509,7691.371981,7637.270531,7604.194847,7600.917874,7677.705314,7902.080515,7829.847021,7716.363929,7591.429952,7612.640902,7604.114332,7542.549114,7556.933977,7622.561997,7681.956522,7607.388084,7778.515298,7853.431562,7680.541063,7905.410628,7851.487923,7840.985507,7637.760064,7540.800322,7549.908213,7651.987118,7478.661836,7283.929147,7253.710145,7265.785829,7274.872786,7262.732689,7327.05314,7486.161031,7434.225443,8107.008227,8843.946069,8021.773309,8376.604205,7291,6541.418647,6112.297989,5821.585923,5563.969835,5464.93053,5422.140768,5326.753199,5294.081353,5215.321755,5213.340951,5244.999086
G3,G3_10,12272.81481,10511.88084,9383.853462,8636.272142,8167.821256,7900.550725,7714.204509,7691.371981,7637.270531,7604.194847,7600.917874,7677.705314,7902.080515,7829.847021,7716.363929,7591.429952,7612.640902,7604.114332,7542.549114,7556.933977,7622.561997,7681.956522,7607.388084,7778.515298,7853.431562,7680.541063,7905.410628,7851.487923,7840.985507,7637.760064,7540.800322,7549.908213,7651.987118,7478.661836,7283.929147,7253.710145,7265.785829,7274.872786,7262.732689,7327.05314,7486.161031,7434.225443,8107.008227,8843.946069,8021.773309,8376.604205,7291,6541.418647,6112.297989,5821.585923,5563.969835,5464.93053,5422.140768,5326.753199,5294.081353,5215.321755,5213.340951,5244.999086,5244.608775,5304.076782